<?xml version="1.0" encoding="UTF-8" standalone="no"?>
<tasklist>
  <tasksets>
      <taskset id="startpump" info="Start the pump">
            <task output="system" >doubles:update,warmup,1</task>
            <task output="system" req="!flag:broken" >texts:update,ps,active</task>
            <task output="manager" trigger="interval:2s">taskset:monitor</task>
            <task output="manager">stop:stop</task>
      </taskset>

      <taskset id="monitor" info="Monitor the status">
          <!-- To hot -->
          <task output="manager" req="pumptemp above 50">taskset:broken</task>
          <!-- To cold -->
          <task output="manager" req="flag:cooler and pumptemp below 0">taskset:brokencooler</task>
          <task output="system"  req="!flag:cooler and !flag:bc">doubles:update,warmup,1</task>
      </taskset>

      <taskset id="idle" info="Monitor the status when idle">
          <task output="manager" req="flag:cooler and pumptemp below 0">taskset:brokencooler</task>
          <!-- Response to cooler being off -->
          <task output="system"       req="!flag:cooler and !flag:bc">doubles:update,warmup,0</task>
      </taskset>
      <taskset id="broken">
          <task output="manager">stop:startpump</task>
          <task output="system" >texts:update,ps,broken</task>
          <task output="system" >flags:raise,broken</task>
          <task output="manager" trigger="interval:2s">taskset:idle</task>
      </taskset>
      <taskset id="stop">
          <task output="manager">stop:startpump</task>
          <task output="system" req="!flag:broken" >texts:update,ps,idle</task>
          <!-- go to idle mode -->
          <task output="manager" trigger="interval:2s">taskset:idle</task>
          <task output="system"  req="!flag:cooler">doubles:update,warmup,0</task>
      </taskset>
      <!-- Cooler tasksets -->
      <taskset id="startcooling">
          <task output="system" req="!flag:bc">flags:raise,cooler</task>
          <task output="system" req="!flag:bc">texts:update,cs,active</task>
          <task output="system" req="!flag:bc">doubles:update,warmup,-1</task>
      </taskset>
      <taskset id="stopcooling">
          <task output="system" req="!flag:bc">flags:lower,cooler</task>
          <task output="system" req="!flag:bc">texts:update,cs,idle</task>
          <task output="system" req="!flag:bc">doubles:update,warmup,0</task>
      </taskset>
      <taskset id="brokencooler">
          <task output="system" >texts:update,cs,broken</task>
          <task output="system" >flags:lower,cooler</task>
          <task output="system" >flags:raise,bc</task>
      </taskset>
      <taskset id="ambient">
          <!-- Warm up when pump is warming up -->
          <task output="system"  req="ambient not above pumptemp and pumptemp diff ambient above 5">doubles:update,ambient,ambient+0.1</task>
          <task output="system"  req="ambient not below pumptemp and pumptemp diff ambient above 5">doubles:update,ambient,ambient-0.1</task>
          <task output="system"  req="ambient not above pumptemp and pumptemp diff ambient above 10">doubles:update,pumptemp,pumptemp-0.2</task>
          <task output="system"  req="ambient not below pumptemp and pumptemp diff ambient above 10">doubles:update,pumptemp,pumptemp+0.2</task>
          <task output="system"  req="ambient not below pumptemp">doubles:update,ambient,ambient-0.1</task>
          <task output="system"  req="ambient not above pumptemp">doubles:update,ambient,ambient+0.1</task>
          <task output="system"  req="ambient not below pumptemp">doubles:update,ambient,ambient-0.1</task>
          <task output="system"  req="ambient not above 20">doubles:update,ambient,ambient+0.05</task>
          <task output="system"  req="ambient not below 20">doubles:update,ambient,ambient-0.05</task>

          <task output="system"  trigger="delay:200ms" req="pumptemp above ambient and ambient diff pumptemp above 0.1">doubles:update,pumptemp,pumptemp-0.1</task>
          <task output="system"  trigger="delay:200ms" req="pumptemp below ambient and ambient diff pumptemp above 0.1">doubles:update,pumptemp,pumptemp+0.1</task>
          <task output="system"  trigger="delay:200ms" req="pumptemp above ambient and ambient diff pumptemp not above 0.1">doubles:update,pumptemp,ambient</task>
          <task output="system"  trigger="delay:200ms" req="pumptemp below ambient and ambient diff pumptemp not above 0.1">doubles:update,pumptemp,ambient</task>
      </taskset>
  </tasksets>

  <!-- Tasks are single commands to execute -->
  <tasks>
      <task output="stream:pump" trigger="interval:1s">pump:{t:ps},cooler:{t:cs},temp:{d:pumptemp},ambient:{d:ambient}</task>

      <task id="stop" output="system" >doubles:update,warmup,0</task>
      <task id="start" output="manager" req="!flag:broken" >taskset:startpump</task>

      <task output="system" trigger="delay:0s">doubles:new,pumptemp,24</task>
      <task output="system" trigger="delay:100ms">doubles:alter,pumptemp,scale:2</task>
      <task output="system" trigger="delay:0s">texts:new,ps,idle</task>
      <task output="system" trigger="delay:0s">texts:new,cs,idle</task>
      <task output="system" trigger="delay:0s">doubles:new,ambient,20</task>
      <task output="system" trigger="delay:100ms">doubles:alter,ambient,scale:2</task>
      <task output="system" trigger="delay:0s">doubles:new,warmup,0</task>
      <task output="system" trigger="delay:0s">flags:new,cooler,0</task>
      <task output="system" trigger="delay:0s">flags:new,bc,0</task>
      <task output="system" trigger="delay:0s">flags:new,broken,0</task>
      <task output="system" trigger="delay:0s">flags:new,cobroken,0</task>

      <task output="system" trigger="interval:1s">doubles:update,pumptemp,pumptemp+warmup</task>
      <!-- Ambient changes because of pump -->
      <task output="manager" trigger="interval:1s" >start:ambient</task>
  </tasks>
</tasklist>
